"prov","kab","kec","desa","sls","subsls","no_keluarga","no_bangunan","no_urut_usaha","nama_keluarga","nama_usaha","b3r320c4","catatan"
"74","02","070","018","0003","00","0000","0180","01","null","AKSAR SAPUTRA LINES .PT","99999999","#A26_1, #A37_2 P2032E MEMILIKI NIB TETAPI RESPONDEN TIDAK DAPAT MENUNJUKAN no NIB, #S2001E_1, #A51_2 KEGIATAN UTAMA SUDAH SESUAI, #A61_2 RESPONDEN TIDAK MAU MEMBERIKAN JAWABAN TENTANG PENGELUARAN P205"
"74","02","070","018","0003","00","0000","0181","01","null","AGIL PRATAMA LINES .PT","999999999","#A26_1, #A34_1, #A36_2 P2032E MEMILIKI NIB TETAPI RESPONDEN TIDAK DAPAT MENUNJUKAN"
"74","02","070","018","0003","00","0000","0181","01","null","UKIRAYA LINES.PT ","999999999","#A37_2 MEMILIKI NIB TETAPI RESPONDEN TIDAK DAPAT MENUNJUKAN NIB P2032E, #A51_2 kEGIATAN UTAMA SUDAH SESUAI P2043E#A61_2 RESPONDEN TIDAK MAU MEMBERIKAN JAWABAN TENTANG PENGELUARAN P2053E, #A62_2 RESPON"
"74","02","070","018","0003","00","0000","0182","01","null","DARMA INDAH.PT","999999999","#A26_1, #A37_2 P2032E MEMPUNYAI NIB TETAPI RESPONDEN TIDAK DAPAT MENUNJUKAN, #S2001E_1"
"74","02","070","018","0004","00","0000","0015","01","null","INDOMARET ","999999","#S2004E_2 MERUPAKAN BENTUK KEMITRAAN WARALABA  DENGAN MEMBUKA KESEMPATAN BAGI MASYARAKAT LUAS UNTUK TURUT SERTA MEMILIKI DAN MENGELOLA SENDIRI GERAI INDOMARET, #A57_2 RESPONDEN TIDAK MAU MEMBERIKAN JA"
"74","02","070","022","0005","00","0000","0037","01","null","BANK RAKYAT INDONESIA, PT","999999999","#A4_1 P2004E BRI UNIT KATOBU TIDAK BISA MENUNJUKAN BERAPA PENDAPATAN DAN PENGELUARAN PERUSAHAAN#A34_1 #A37_1 TIDAK BISA MENUNJUKAN DAN MEBERI IFORMASI MENGENAI NIB PERUSAHAAN"
"74","02","070","024","0002","00","0000","0105","01","null","CITRA SELARAS, PT","999999999","#A43_2_INFORMASI NIB HANYA DAPAT DIPEROLEH DI KANTOR PUSAT P2035E,#A63_2_INFORMASI PENGELUARAN KHUSUS SEBULAN HANYA DAPAT DIPEROLEH DI KANTOR PUSAT KARENA BARANG JUALAN DIKIRIM DARI KANTOR PUSAT,#A6"
"74","02","070","024","0006","00","0000","0014","01","null","KIOS SEMBAKO FARCHYIL","027500000","Pulsa dan jualannya satu keuangan"
"74","02","070","024","0006","00","0000","0022","01","null","INDOMARCO PRISMATAMA, PT","999999999","#A37_1 P2032E SEMUA DATA INDOMARET BERADA DIPUSAT SEHINGGA TIDAK DAPAT MENUNJUKANS2004 INDOMARET PERUSAHAAN WARALABA"
"74","02","070","024","0006","00","0000","0094","01","null","RC KOMPUTER","999999999","#A43_1 Tidak mau memberikan informasi mengenai usaha, terlebih bagian keuangan"
"74","02","070","024","0006","00","0000","0095","01","null","USAHA GAS ISI ULANG<BAHARUDDIN>","999999999","#A11_1 P2011E TIDAK MEMBERIKAN INFORMASI"
"74","02","070","024","0006","00","0000","0255","01","null","TOKO PUTRI","99999999","#A11_1SATU KEPEMILIKAN DENGAN RC KOMPUTER"
"74","02","070","025","0005","00","0000","0029","01","null","LANDIPO NIAGA RAYA, PT","999999999","#A26_1"
"74","02","070","025","0009","00","0029","0040","01","LA ODE ISI","OCHA, UD","999999999","NONRESPONSE"
"74","02","070","025","0012","00","0128","0041","01","LA ODE DESTAMU BUNGAYA","MITRA SAHARA GEMILANG, CV","999999999","NONRESPONSE"
"74","02","072","004","0001","00","0000","0062","01","null","BENGKEL LAS ASLAM","9999999","#A57_2_PENJUALAN SEBULAN TIDAK DIKETAHUI KARENA RESPONDEN ADA DI LUAR KOTA P2049E, #A58_2_PENJUALAN SETAHUN TIDAK DIKETAHUI KARENA RESPONDEN ADA DI LUAR KOTA P2050E, #A61_2_PENGELUARAN OPERASIONAL SEB"
"74","02","072","004","0008","00","0047","0049","01","LA SABANG","PEMBORONG <LA SABANG>","9999999","P2041E, P2042E, #A52_1, #A57_2_PENJUALAN SEBULAN TIDAK DIKETAHUI KARENA RESPONDEN ADA DI LUAR KOTA P2049E, #A58_2_PENJUALAN SETAHUN TIDAK DIKETAHUI KARENA RESPONDEN ADA DI LUAR KOTA P2050E, #A59_2_PEN"
"74","02","072","006","0007","00","0000","0090","01","null","ASDP FERI LAGASA, PT","9999999","#A26_1, #A34_1, #A57_2_TIDAK DIKETAHUI KARENA PADA SAAT PENDATAAN KAPAL SEDANG MELAKUKAN PERBAIKAN TAHUNAN DI LUAR DAERAH P2049E, #A58_2_TIDAK DIKETAHUI KARENA PADA SAAT PENDATAAN KAPAL SEDANG MELAKUK"
"74","02","073","002","0005","00","0070","0100","01","Hj. MARSINA SURYANI DANGKA","JASA PENCUCIAN HELM(Hj MARSINA.S.DANGKA) ","1999992","Untuk mesin ini tdk mempunyai biaya perawatan karena tdk ada service untuk mesin pencuci helm di Muna kalau rusak langsung ganti baru untuk bahan baku air tdk membeli pakai air sumur yg ditarik menggu"
"74","02","073","002","0008","00","0000","0001","01","null","KPN (KOPERASI PEGAWAI NEGERI) TUNAS MEKAR","9999999","#A26_2_KOPERASI 2 TAHUN TERAKHIR TIDAK TERLALU AKTIF  P2025E, #A43_2, #A44_2_BERKAS MASIH DIPEGANG PENGURUS SEBELUMNYA, #A45_1, #A57_2, #A58_2, #A59_2, #A60_2, #A61E_2, #A62_2, #A63_2, #64_2, #A65_2, "
"74","02","073","002","0008","00","0000","0237","01","null","CHOKEN","9999999","#A8_2,#A57_2_RESPONDEN TIDAK MEMBERIKAN INFORMASI MENGENAI PEMASUKAN BULANAN KARENA PEMILIK TOKO SEDANG KE LUAR DAERAH P2049E,#A58_2_RESPONDEN TIDAK MEMBERIKAN INFORMASI PEMASUKAN TAHUNAN KARENA PEM"
"74","02","073","002","0008","00","0000","0237","01","null","CHOKEN","9999999","#A8_2, #A51_1, #A57_2_RESPONDEN TIDAK MEMBERIKAN INFORMASI MENGENAI PEMASUKAN BULANAN KARENA PEMILIK TOKO SEDANG KE LUAR DAERAH P2049E,#A58_2_RESPONDEN TIDAK MEMBERIKAN INFORMASI PEMASUKAN TAHUNAN K"
"74","02","073","002","0008","00","0000","0239","01","null","C'BEZT","9999999","#A8_2, #A51_1,  #A52_1#A57_2_RESPONDEN TIDAK MEMBERIKAN INFORMASI MENGENAI PEMASUKAN BULANAN KARENA PEMILIK TOKO SEDANG KE LUAR DAERAH P2049E,#A58_2_RESPONDEN TIDAK MEMBERIKAN INFORMASI PEMASUKAN TA"
"74","02","073","002","0008","00","0000","0272","01","null","UNIVERSAL PHONE RAHA","9999999","#A57_2_RESPONDEN TIDAK MEMBERIKAN INFORMASI PEMASUKAN TOKO KARENA PEMILIK TOKO SEDANG BERADA DI LUAR KOTA P2049E,#A58_2_RESPONDEN TIDAK MEMBERIKAN INFORMASI PEMASUKAN TOKO KARENA PEMILIK TOKO SEDANG "
"74","02","073","002","0008","00","0174","0124","01","MUHAMMAD RAHIDIN","TUKANG <RAHIDIN>","9999999","P2041E,  P2042E,  #A8_2 , #A51_1, #A57_2_RESPONDEN TIDAK MENGETAHUI PENGHASILAN/PEMASUKAN SUAMI DAN SUAMI SEDANG DILOKASI KERJA DAN BELUM AKAN PULANG KE RUMAH P2049E,#A58_2_RESPONDEN TIDAK MENGETAHU"
"74","02","073","002","0012","00","0000","0074","01","null","SLB ABC RAHA ","99999999","-"
"74","02","073","002","0012","00","0000","0160","01","null","BANK MANDIRI TASPEN, PT","99999999","#A4_2_DATA TDK LGKP P2004E, #A34_1, #A37_2_NIB TDK DIKETAHUI, #A57_2_DATA TDK LGKP P2049E, #A58_2_DATA TDK LGKP P2050E, #A59_2_DATA TDK LGKP P2051E,  #A60_2_DATA TDK LGKP P2052E, #A61_2_DATA TDK LGKA"
"74","02","073","002","0012","00","0000","0167","01","null","TOKO MAJU JAYA","99999999","#A57_2_DATA TDK LGKP P2049E, #A58_2_DATA TDK LGKP P2050E, #A59_2_DATA TDK LGKP P2051E, #A60_2_DATA TDK LGKP P2052E, #A61_2_DATA TDK LGKP P2053E, #A62_2_DATA TDK LGKP P2054E, #A63_2_DATA TDK LGKP P2055"
"74","02","073","002","0012","00","0171","0171","01","MUHAMAD BAHNERIM MALIK","TOKO DIAN JAYA <AHMAD BAHNERIM>","99999999","#A4_2_DATA TDK LGKP P2004E, #A8_2_DATA TDK LGKP P2008E, #A10_2_DATA TDK LGKP P2010E, #A57_2_DATA TDK LGKP P2049E, #A58_2_DATA TDK LGKP P2050E, #A59_2_DATA TDK LGKP P2051E, #A60_2_DATA TDK LGKP P2052E,"
"74","02","073","002","0014","04","0000","0241","01","null","TOKO ATK <NN>","9999999","#A57_2_RESPONDEN MENOLAK MEMBERIKAN JAWABAN P2049E, #A58_2_RESPONDEN MENOLAK MEMBERIKAN JAWABAN P2050E, #A61_2_RESPONDEN MENOLAK MEMBERIKAN JAWABAN P2053E, #A62_2_RESPONDEN MENOLAK MEMBERIKAN JAWABAN "
"74","02","073","002","0014","06","0000","0229","01","null","USAHA BERAS <WA LIA>","9999999","S2001E TIDAK BERSEDIA MEMBERI INFORMASI PENDAPATAN DAN PENGELUARAN DARI USAHANYA.#A57_3_RESPONDEN TIDAK BERSEDIA MEMBERIKAN INFROMASI PEMASUKAN DARI USAHANYA P2049E,#A58_3_RESPONDEN TIDAK BERSEDIA M"
"74","02","073","002","0014","07","0000","0053","01","null","BENGKEL <MASMAN> ","9999999","#A43_2,    #A11_2,#A8_2 P2008E TERISI 9 SEBANYAK 9 KALI KARENA RESPONDEN TIDAK BERSEDIA MEMBERIKAN INFORMASI PEMASUKAN DAN PENGELUARANNYA,#A57_2_TIDAK BERSEDIA MEMBERIKAN INFORMASI MENGENAI PEMASUKA"
"74","02","073","004","0001","00","0060","0068","01","MARSON","JUAL BENSIN <MARSON>","999999","S2001E NON RESPON (RESPONDEN TIDAK BERSEDIA DI DATA),#A14_2 P2014E  NON RESPON (RESPONDEN TIDAK BERSEDIA DI DATA),#A20_2 P2019E  NON RESPON (RESPONDEN TIDAK BERSEDIA DI DATA),#A21_2 P2020E  NON RES"
"74","02","073","004","0001","00","0091","0108","02","WA ODE ISRA ILAIHI","AMUD ELEKTON","9999999","#A26_2,#A57_2_TIDAK MENGETAHUI PEMASUKAN KARENA ALATNYA MASIH SEMENTARA DALAM PERBAIKAN DAN TAHUN INI BELUM TERLALU AKTIF P2049E,#A58_2_TIDAK MENGETAHUI PEMASUKAN KARENA ALATNYA MASIH SEMENTARA DALA"
"74","02","073","004","0002","00","0000","0059","01","null","BRI LINK <SITTI MARIANA>","9999999","#A57_2_RESPONDEN TIDAK BERSEDIA MEMBERI INFORMASI PEMASUKAN/PENDAPATAN DARI USAHANYA P2049E,#A58_2_RESPONDEN TIDAK BERSEDIA MEMBERI INFORMASI PEMASUKAN/PENDAPATAN DARI USAHANYA P2050E,#A61_2_RESPOND"
"74","02","073","004","0002","00","0000","0068","01","null","TOKO REHAN","9999999","#A26_2,#A8_2 P2008E UNTUK BALAS JASA TERISI 9  KARENA RESPONDEN TIDAK BERSEDIA MEMBERIKAN INFORMASI MENGENAI PEMASUKAN DAN PENGELUARAN DARI USAHANYA,#A57_2_RESPONDEN TIDAK BERSEDIA MEMBERI INFORMASI"
"74","02","073","004","0002","00","0000","0087","01","null","RAJAB BRILINK","9999999","#A57_2_RESPONDEN TIDAK BERSEDIA MEMBERI INFORMASI PEMASUKAN/PENDAPATAN DARI USAHANYA P2049E,#A58_2_RESPONDEN TIDAK BERSEDIA MEMBERI INFORMASI PEMASUKAN/PENDAPATAN DARI USAHANYA P2050E,#A61_2_RESPOND"
"74","02","073","004","0002","00","0040","0089","01","AL CHABIRUN DAWA","FOTOKOPI <AL CHABIRAN DAWA>","9999999","#A51_2,#A57_2_RESPONDEN TIDAK BERSEDIA MEMBERI INFORMASI PEMASUKAN/PENDAPATAN DARI USAHANYA P2049E,#A58_2_RESPONDEN TIDAK BERSEDIA MEMBERI INFORMASI PEMASUKAN/PENDAPATAN DARI USAHANYA P2050E,#A61_2"
"74","02","073","004","0003","00","0000","0075","01","null","PNM MEKAR SYARIAH BATALAIWORU","999999","#A26_2,  #A_34_2 P2030E PNM MEKAR SYARIAH BATALAIWORU DIBAWAH NAUNGAN PT PERMODALAN NASIONAL MADANI (PNM),#A57_2_RESPONDEN TIDAK BERSEDIA MEMBERI INFORMASI PEMASUKAN/PENDAPATAN DARI USAHANYA P2049E,"
"74","02","073","004","0003","00","0046","0048","02","HAMIDA","PENCUCIAN MOTOR DAN MOBIL<HAMIDA>","999999","#A57_2_RESPONDEN TIDAK BERSEDIA MEMBERI INFORMASI PEMASUKAN/PENDAPATAN DARI USAHANYA P2049E,#A58_2_RESPONDEN TIDAK BERSEDIA MEMBERI INFORMASI PEMASUKAN/PENDAPATAN DARI USAHANYA P2050E,#A61_2_RESPOND"
"74","02","073","004","0005","00","0000","0180","01","null","KOPERASI PEGAWAI NEGERI MITRA TERNAK MUNA","999999999","#A26_1, #A37_2 P2032E TIDAK DIDAPATKAN INFORMASI MENGENAI NOMOR INDUK KOPERASI, #A45_1, S2001E TIDAK DIDAPATKAN INFORMASI MENGENAI NILAI PENJUALAN DAN PENGELUARAN SEHINGGA DITULIS Rp999.999.999"
"74","02","073","004","0006","00","0000","0094","01","null","TIKHA SECOND THRIFT <MUSTIKA WATI>","999999999","S2001E RESPONDEN TIDAK MAU MEMBERIKAN INFORMASI MENGENAI NILAI PENJUALAN DAN PENGELUARAN SEHINGGA DITULIS Rp999.999.999"
"74","02","080","010","0008","00","0000","0062","01","null","Bank BPD Tampo","99999999","#A3 _2 _ADMINTRASI DAN LAPORAN KEUANGAN DAN LAIN LAIN ADA DI KANTOR PUSAT P2003E ,#A11_2 P2001E,#A14-2 P2014E,#A1_2 P2001E,#A14_2 P204E"
"74","02","080","010","1001","00","0000","0009","01","null","TEMPAT PENGOLAHAN KAYU <BAPAKNYA AHMAD>","999999","#A3_2 P2003E RESPONDEN TIDAK BERSEDIA MEMBERI INFORMASI APAPUN MENGENAI USAHANYA, #A5_2 P2005 RESPONDEN TIDAK BERSEDIA MEMBERI INFORMASI APAPUN MENGENAI USAHANYA SEHINGGA TIDAK DIKETAHUI BESARAN PENGE"
"74","02","080","011","0002","00","0000","0190","01","null","IKAN KERING <ATI>","09000000","#A51_2_DESKRIPSI KEGIATAN USAHA SUDAH SESUAI P2043E"
"74","02","081","006","0001","00","0219","0103","01","AGUS","BRI LINK <AGUS>","999999999","S2001E NON RESPONS TIDAK DIKETAHUI NILAI PENGELUARAN DAN NILAI PRODUKSI"
"74","02","081","006","0003","00","0121","0156","01","NURBAYA","PERSALINAN <NURBAYA>","999999","#A14_2_PELAKU USAHA TIDAK MAU MEMBERIKAN JAWABAN PENGELUARAN DAN PENDAPATANNYA_P2014E, #A20_2_PELAKU USAHA TIDAK MEMBERIKAN JAWABAN JUMLAH PEKERJA DAN UPAH BALAS JASA_P2019E, #A57_2_PELAKU USAHA TIDAK"
"74","02","081","006","0003","00","0121","0156","02","NURBAYA","GARAM <NURBAYA>","999999","#A3_2_SUDAH SESUAI_P2003E, #A33_2_SUDAH SESUAI_P2029E, #A8_2_PELAKU USAHA TIDAK MAU MEMBERIKAN JAWABAN TIDAK MEMBERIKAN JAWABAN ATAU TIDAK MAU DI MINTA DATA INFORMASI JUMLAH BALAS JASA DAN UPAH _P2008"
"74","02","083","002","0005","00","0000","0010","01","null","Tidak tahu ","999999999","Non respon "
"74","02","083","003","0005","00","0000","0027","01","null","PAUD TOREGA ","999999999","Non respon "
"74","02","090","012","0004","00","0000","0133","01","null","UNIT BANK SULTRA KAS PURE","9999999","UNIT BANK SULTRA KAS PURENILAI PENJUALAN, PENGELUARAN DAN MODAL USAHA NON RESPON"
"74","04","011","003","0006","00","0000","0032","01","null","PEGADAIAN ANAIWOI","999999999999","Kantor Pegadaian Unit Tanggetada"
"74","04","020","002","2001","00","0000","0023","01","null","PT. AGUNG BUMI KARSA","99999999","OMSET USAHA DAN PENGELUARAN DI LAKUKAN DI KANTOR PUSAT"
"74","04","020","010","0001","00","0000","0249","01","null","SMPS REXMUNDI POMALAA ","9999999","#A26_2P2025E LAPORAN KEUANGAN DI KELOLA DI YAYASAN YANG ADA DI MAKSSARS2001E SUDAH PERBAIKAN SEKOLAH SMPS REX MUNDI BERDIRI TAHUN 1988 DAN PENGELOLAAN UANG DIKEOLALA OLEH YAYASAN  #A57_2 P2049E "
"74","04","030","012","0003","00","0000","0061","01","null","PT. GRIA SATRIA MEKONGGA","999999","Hanya Biaya operasional sebagian sj yang di beritahu"
"74","04","031","002","0006","00","0089","0089","01","JUNARDIN","IRNAKUSUMAYANTI","09000000","#A3_2 P2003E #A18_2 P2017E sudah sesuai"
"74","04","031","002","0007","00","0031","0029","01","NUSRAN","KIOS SAYURAN AINUN","00005000000","#A3_2 P2003E #A18_2 P2017E sudah sesuai"
"74","04","031","004","0003","00","0009","0010","01","PARNO","NASI KUNING PARIATI","072000000","#A18_2 P2017E sudah sesuai"
"74","04","031","004","0003","00","0027","0027","01","BADRA","ANEKA KUE BADRA","042000000","-"
"74","04","031","004","0003","00","0034","0034","01","MUH. SAAD","GALON KEMBAR","096000000","#A18_2 P2017E sudah sesuai"
"74","04","031","004","0003","00","0064","0061","01","IDRIS","ANEKA KUE BASAH SENIWATI","048000000","#A18_2 P2017E sudah sesuai"
"74","04","031","004","0003","00","0077","0074","01","EKO APRIANSYAH","KIOS SEMBAKO ISMA","060000000","S2001E #A3_2 P2003E #A14_2 P2014E #A18_2 P2017E sudah sesuai"
"74","04","031","004","0004","00","0056","0053","01","JAMAL P","KIOS SEMBAKO AKMAL<AKMAL>","0108000000","#A18_2 P2017E sudah sesuai"
"74","04","031","004","0005","00","0066","0060","03","IKSAR SUARTAN","SALWA TOURS<IRAWATI>","03420000000","#A34_2 P2030E #A36_2 P2032E  sudah sesuai"
"74","04","031","008","0003","00","0021","0031","01","MUH. IQBAL HASANUDDIN","Menjual barang campuran sembako Darmawati ","088800000","Menjual barang campuran sembako dikios Darmiati  #A18_2 P2017E #A24_2 P2023E"
"74","04","031","009","0001","00","0095","0095","01","SAINAL","Usaha Pangkalan elpiji Sainal ","0180000000","#A18_2 P2017E sudah sesuai"
"74","04","031","009","0001","00","0121","0123","01","ANDIS","Menjual sayur keliling ","024000000","#A18_2 P2017E #A26_2 P2025E sudah sesuai"
"74","04","031","009","0001","00","0129","0158","01","Resmin","Menjual sembako Kios sara","042000000","#A18_2 P2017E sudah sesuai"
"74","04","031","009","0001","00","0357","0108","01","BAMBANG HARTONO","Membuat Kursi  karet ban mobil","066000000","#A18_2 P2017E S2001E sudah sesuai"
"74","04","031","009","0001","00","0599","0055","01","MUSPINANG","AQ skin glow shop Rani angginasari ","06000000","#A3_2 P2003E  #A18_2 P2017E sudah sesuai"
"74","04","031","009","0002","00","0007","0008","01","Arie Andika Syarif ","Menjual barang campuran sembako yastin","060000000","#A18_2 P2017E sudah sesuai"
"74","04","031","009","0003","00","0019","0017","01","JAMAL","Menjual barang campuran sembako Darmi ningsi ","012000000","#A18_2 P2017E"
"74","04","031","009","0004","00","0009","0007","01","Abd rajab","Ainun jaya motor ","036000000","#A18_2 P2017E sudah sesuai"
"74","04","031","009","0004","00","0010","0008","01","HARI SUMONO","Menjual sembako Kios jeni ","042000000","#A18_2 P2017E sudah sesuai"
"74","04","031","009","0004","00","0900","0890","01","ERNI DAMAYANTI","Menjual cemilan dan minuman dingin disekolah SD ","024000000","#A18_2 P2017E sudah sesuai"
"74","04","060","009","0014","02","0000","0024","01","null","zoom barber","999999","null"
"74","04","060","009","0014","02","0037","0038","01","IMAMONG","fotocopy dan print quinzah ","99999999","null"
"74","04","060","009","0023","03","0000","0068","01","null","PT. Pengadaian","999999999","#A8_2 P2008E balas jasa dan upah pekerja setahun hanya atasannya yang tau.#A34_2 P2030E sudah sesuai.#A36_2 P2032E memiliki NIB tapi pada saat pendataan penanggung jawab atau atasannya tidak ada dan"
"74","04","060","009","0023","03","0016","0105","01","FIFI ESTI MANDATI","Toko cahaya aluminium","999999999","null"
"74","04","060","009","0028","00","0000","0048","01","null","Hotel iin","99999999","#A57_2 P2049E #A58_2 P2050E #A60_2 P2052E #A62_2 P2054E #A67_2 P2059E"
"74","04","060","009","0028","00","0000","0092","01","null","PT.Indomaret","999999999","#A8_2 P2008E salah satu karyawan mengatakan bahwa tidak bisa memberitahu gaji upah hanya pusat yang tau.#A34_2 P2030E sudah sesuai.#A36_2 P2032E tentu nya ada tapi, pada saat pendataan penanggung ja"
"74","04","060","010","0016","00","0000","0104","01","null","MAXIM (PT. TEKNOLOGI PERDANA INDONESIA)","99999","#A3_2 P2003E #A7_2 P2007E #A11_2 P2011E usaha baru berjalan selama sebulan lebih. #A26_2 P2025E #A36_2 P2032E Catatan keuangan 2022 belum ada karena usaha dimulai di 2023. #A34_2 P2030E #S2004E iya"
"74","04","060","010","0020","02","0000","0043","01","null","PALLU BASA MERDEKA","999999999","#A3_2 P2003E #A8_2 P2008E #A21_2 P2020E Usaha baru berjalan 15 hari dan penanggung jawab tidak tahu pengeluaran dan modal usaha #A51_2 P2043E #A60_2 P2052E #A61_2 P2053E #A62_2 P2054E #A63_2 P2055E #A"
"74","04","060","010","0022","02","0000","0041","01","null","SMA ISLAM TERPADU WIHDATUL UMMAH KOLAKA","999999999","null"
"74","04","060","011","0011","02","0004","0003","01","ALFRED RIYANTO TOLLA","Notaris Vanda Madethen, SH., M.Kn","99999","#A3_2 P2003E #A7_2 P2007E #A11_2 P2011E Karena Pekerja tidak tau mengenai penghasilan dan pengeluaran"
"74","04","060","011","0012","02","0000","0042","01","null","PNM MEKAR CAB. KOLAKA PT","99999999","null"
"74","04","060","011","0016","02","0000","0055","01","null","PT BUTORA INDONESIA","99999999","null"
"74","04","060","011","0016","02","0000","0062","01","null","MGM KOLAKA","999999999","#A7_2 P2007E"
"74","04","060","012","0006","01","0000","0001","01","null","CELEBES","99999999","null"
"74","04","060","012","0014","00","0000","0084","01","null","INDOMARET","999999999","null"
"74","04","061","004","0015","01","0000","0029","01","null","RUMAH KONTRAKAN<MANI>","03600000","-"
"74","04","070","012","0001","00","0003","0003","01","UMAR","PERBENGKELAN","04000000","-"
"74","04","070","012","0001","00","0031","0030","01","IFIN","ANISA FUAN","01800000","USAHA TIDAK BERBADAN HUKUM"
"74","04","070","012","0001","00","0084","0073","01","KHAERUDDIN","MINI MAR","02000000","PEDANGAN CAMPURAN YANG TIDAK BERBADAN HUKUM"
"74","04","070","012","0001","00","0110","0099","01","yunus","KEDAI JAS JUS","0100000","-"
"74","04","070","012","0002","00","0068","0069","01","AMIRUDDIN","KIOS RINI","02000000","BUTUH BANTUAN MODAL"
"74","04","070","012","0002","00","0091","0093","01","ARMIN","KIOS ASMARANI","02400000","-USAHA TIDAK BERBADAN HUKUM "
"74","04","070","012","0002","00","0093","0094","01","FATMAWATI","KEDAI ALPARESA","0150000","#63_2P2050E"
"74","04","070","012","0003","00","0097","0092","01","IWAN","KIOS HUSNA","03600000","USAHA TDK BERBADAN HUKUM"
"74","04","070","012","0004","00","0025","0025","01","LIHUNG","KIOS NAILA","02000000","USAHA TIDAK BERBADAN HUKUM"
"74","04","071","014","0006","00","0019","0019","01","AMIRUDDIN","Pembuat gula aren","01000000","#A18_2 P2017E #A18_2 P2017E"
"74","04","071","014","0006","00","0020","0020","01","MARSUKI","Marsuki","01000000","#A18_2 P2017E #A18_2 P2017E"
"74","04","071","014","0006","00","0024","0024","01","RUSTAM","Pembuat gula merah","01900000","#A18_2 P2017E #18_2 P2017E"
"74","04","071","014","0006","00","0029","0029","01","IDRIS","JUAL GULA","02000000","#A18_2 P2017E"
"74","04","071","019","0001","00","0007","0007","01","MU'MINUDDIN","JUAL ECERAN SEMBAKO","02500000","#A18_2 P2017E #A18_2 P2017E"
"74","04","071","019","0001","00","0015","0014","01","MUSTAFA","USAHA JUAL BELI KOPRA","030000000","#A18_2 P2017E"
"74","04","071","019","0001","00","0031","0031","01","RAHMAN","JUAL KUE","01000000","#A18_2 P2017E Karena baru menjual kue jadi belum ada omset pertahun juga"
"74","04","071","019","0002","00","0040","0035","01","PT MAPPA","JUAL ECERAN SEMBAKO","03000000","#A18_2 P2017E #A18_2 P2017E"
"74","04","071","019","0002","00","0044","0038","01","MAPPIARE","JUAL ECERAN SEMBAKO","02100000","#A18_2 P2017E #A18_2 P2017E"
"74","04","071","019","0003","00","0029","0031","01","A. SITTI","KIOS ECERAN SEMBAKO","03000000","#A18_2 P2017E nilai penjualannya tidak mencukupi 10 juta karena baru enam bulan menjual sembako"
"74","04","071","019","0004","00","0016","0015","01","ZAINUDDIN","JUAL SEMBAKO","02500000","#A18_2 P2017E #A18_2 P2017E"
"74","05","021","005","0005","00","0000","0090","01","null","INDOMARET ","999999999","P2035E #A43_2_sudah konfirmasi"
"74","05","021","011","0006","00","0000","0049","01","null","PENJUAL SAYURAN","024000000","-"
"74","05","041","012","0002","00","0000","0055","01","null","Fif group","9999","P2030E#A34_2P2032#A36_2_sesuai lapangan P2049E#A57_2_sesuai lapangan P2050E#A58_2_sesuai lapangan P2051E#A59_2_sesuai lapangan P2052E#A60_2_sesuai lapangan P2053E#A61_2_sesuai lapangan P2054E#A"
"74","05","041","012","0003","00","0000","0001","01","null","PT MIDI UTAMA INDONESIA ","9999","P2032E#A36-2_sesuai lapangan P2049E#A57_2_sesuai lapangan P2050E#A58_2_sesuai lapanganPP2051E#A59_2_sesuai lapanganP2052E#A60_2_sesuai lapanganP2053E#A61_2_sesuai lapanganP2054E#A62_2_sesuai lap"
"74","05","041","012","0004","00","0000","0013","01","null","PT SIMPATIK CITRA BUANA ","9999","P2032E#A36_2_sesuai lapanganP2049E#A57_2_sesuai lapanganP2050E#A58_2_sesuai lapanganP2051E#A59_2_sesuai lapanganP2052E#A60_2_sesuai lapanganP2053E#A61_2_sesuai lapanganP2054E#A62_2_sesuai lapang"
"74","05","041","012","0008","00","0000","0014","01","null","PT.ASTRA MOTOR","9999","P2032#A36-2"
"74","05","041","013","0001","00","0000","0004","01","null","PEGADAIAN, PT","9999","P2035E#A35_2"
"74","05","041","013","0001","00","0000","0012","01","null","HASRAT ABADI . PT","9999","P2023E#A35_2"
"74","05","041","013","0001","00","0000","0027","01","null","BRI , PT","9999","-"
"74","05","041","013","0002","00","0000","0004","01","null","MANDALA FINANCE,PT","9999","-"
"74","05","041","013","0004","00","0000","0030","01","null","SPBU PERTAMINA,PT","9999","S2005E"
"74","05","070","029","0004","00","0002","0002","02","HANDRI HARIS","Brilink novi cell","010000000","-"
"74","05","070","044","0001","00","0007","0007","01","LULO DERMAWAN BASARAH","Meubel <Lulo dermawan>","072000000","-"
"74","05","071","038","0005","00","0000","0006","01","null","Indomaret PT","9999999","P2035E #A43_1"
"74","05","080","007","0001","00","0000","0071","01","null","INDOMARET ","999999999","P2004E #A4_2 P2008E #A8_2P2010E #A10_2P2025E #A26_2P2030E #A34_2P2032E #A36_2Bahwa data tidak tersedia "
"74","05","080","015","0001","00","0000","0005","01","null","INDOMARET, PT. Indomarco Prismatama","99999999","P2035E #A43_2_Datanya belum tersedia. P2049E #A57_2_Datanya belum tersedia. P2050E #A58_2_Datanya belum tersedia. P2051E #A59_2_Datanya belum tersedia. P2052E #A60_2_Datanya belum tersedia. P2053E #A6"
"74","05","080","019","0005","00","0000","0177","01","null","PT. Indomaret ","999999999","Data Dari Pihak Indomaret Belum Ada/ Diberikan. P2003E #A3_2. P2005E #A5_2. P2007E #A7_2. P2032E #A36_2. S2004E_2. P2030E #A34_2. P2032E #A36_2. P2049E #A57_2. P2050E #A58_2. P2052E #A60. P2054E #A62."
"74","05","090","002","0003","00","0002","0005","01","SURDIN","Operator mesin senso ","9999","null"
"74","05","090","012","0010","00","0030","0032","01","SYAMSUL RIDHA SAMPARA","MAXIM CAR <EXEL>","072000000","null"
"74","06","021","003","0001","00","0055","0046","01","ASRIL","agustina harson<agustina>","010800000","-"
"74","06","043","004","0004","00","0000","0085","01","null","INDOMARET","999999999","null"
"74","06","043","008","0003","00","0000","0055","01","null","SMP SWASTA LAEYA LAYA","999999","-"
"74","06","050","004","0005","00","0000","0123","01","null","INDOMARET","999999","Kepala toko tidak mau memberikan keterangan yg lebih"
"74","06","050","004","0005","00","0000","0124","01","null","ALFAMIDI","999999999","null"
"74","06","050","004","0005","00","0000","0125","01","null","BANK BPD","99999999","null"
"74","06","062","001","0002","00","0080","0085","01","RISWAN","Usaha jasa angkutan radif","18888000","Jasa angkutan "
"74","06","062","003","0001","00","0082","0082","02","TAHANG","USAHA JUAL IKAN <TAHANG>","060000000","-"
"74","06","062","003","0001","00","0153","0144","02","TARSAN ALI","USAHA MOBIL ANGKUTAN MATERIAL<TARSAN ALI>","0168000000","-"
"74","08","010","005","0004","00","0000","0073","01","null","INDO MARET UNIT RANTE ANGIN","99999999","BEBERAPA RINCIAN TIDAK DAPAT TERISI DENGAN BENAR KARNA SISTIM LAPORAN TERPUSAT"
"74","08","020","017","0001","02","0000","0084","01","null","DIALER TOYOTA","099999","BEBERAPA  RINCIAN TIDAK TERISI KARENA LAPORAN KEUANGANNYA TERPUSAT; P2005E; #A5_2; P2023E; #A24_2, S2001E"
"74","08","020","026","0004","00","0000","0059","01","null","KOPERASI SAMATURU","999999","S2005E. Yang memberi informasi karyawannya dan mereka tidak tau omset serta pengeluaran khususnya"
"74","08","020","026","0004","00","0000","0130","01","null","PEGADAIAN PT","99999999","Responden tidak mengetahui Identitas pengusaha, omset serta pengeluaran P2025E, #A26_2"
"74","08","020","026","0004","00","0000","0136","01","null","""D"" Green Residence","9999999","Developer Btn"
"74","08","030","004","0001","00","0021","0023","01","ANTO","Menjual ikan basah <Anti>","33330000","-"
"74","08","030","018","0003","00","0028","0024","01","SAENAL","KIOS SHIFA <DARNAWATI>","55550000","-"
"74","08","031","007","0001","00","0000","0018","01","null","INDOMARET, UNIT TIWU","9999"," rincian tidak dapat terisi karena sistem keuangan terpusat"
"74","08","050","015","0002","00","0031","0032","01","DG. MANRAPI","JUAL CAMPURAN<DARNISA>","11112000","null"
"74","08","050","035","0005","00","0022","0018","01","FANDI AKLIM MANGKASARI","Penjual kopra<Fandi aklim mangkarsi>","222288000","P2043E; #A51_1_kategori KBLI sudah benar"
"74","08","052","004","0006","00","0000","0040","01","null","SMA MUHAMMADIYAH MAJAPAHIT ","999999","P2004E, #A4_2, P2007E, #A7_2 (KEPALA SEKOLAH TIDAK MEMBERIKAN DATA)"
"74","08","052","005","0002","00","0000","0069","01","null","INDOMARET, UNIT LATALI<HAERUL>","99999999","BEBERAPA RINCIAN TIDAK DAPAT TERISI KARENA SISTEM LAPORAN KEUANGAN TERPUSAT "
"74","08","052","005","0004","00","0000","0052","01","null","BANK SULTRA<AKBAR ISYAL>","99999999","P2035E #A43_2 BEBERAPA RINCIAN TIDAK DAPAT TERISI KARENA SISTEM LAPORAN KEUANGAN TERPUSAT S2004E"
"74","09","120","021","0003","00","0077","0070","01","IKSAN","DAGANG KUE BASAH <ASMIN>","019000000","S2001E"
"74","09","121","003","0003","00","0013","0016","01","SULAMIN","jasa pertanian perseorangan sulamin","0150000","P2003E sesuai kondisi lapangan karena sepi "
"74","09","122","003","0004","00","0036","0031","01","KIRIMA","INDUSTRI KOPRA <KIRIMA>","07500000","P2003E"
"74","10","010","009","0001","00","0000","0013","01","null","Paulus","999999999","Pemilik perusahaan tidak ada dilokasi dan ketengan tidak bisa di dapatkan baik itu upah atau yang lainnya#P2049E_#A57_2 INFORMASI DATANYA TIDAK BISA DAPATKAN,#P2050E_#A58_2 DATA SUSAH DI DAPATKAN,#P2"
"74","10","010","011","0002","00","0000","0010","01","null","PENAMPUNGAN IKAN PESISIR <badwin>","048000000","S2005E, TELAH DI PERBAIKI"
"74","10","020","005","0004","00","0000","0006","01","null","ALFAMIDI, PT","99999999","#A34_2,P2030E,S2004E, SUDAH DIPERBAIKI DOKUMENNYA DAN SUDAH SESUAI DENGAN DOKUMENNYA"
"74","10","030","028","0002","00","0000","0047","01","null","Spbu desa belalo <muhammad aspul>","999999999","yg bersangkutan tidak mau memberikan keterangan P2004E #A4_2_responden tidak mau memberikan keterangan P2007E #A7_2_responden tidak mau memberikan keterangan P2010E #A10_2_responden tidak mau memberik"
"74","10","030","032","0005","00","0000","0010","01","null","INDOMARET. PT <MARIAM PRAYOGA>","99999999","-"
"74","10","030","036","0001","00","0000","0022","01","null","PT TRISULA TIMUR LESTARI","999999999","#P2011E_#A11_1_PERUSAHAAN TIDAK MEMBERIKAN DATANYA,#P2014E_#A14_1_PERUSAHAAN TIDAK MEMBERIKAN DATANYA,#2032E_#A36_1_PERUSAHAAN TIDAK MEMBERIKAN DATANYA,#S2001E_1_PERUSAHAAN TIDAK MEMBERIKAN DATANYA,#S"
"74","10","040","003","0003","00","0000","0007","01","null","BPD SULTRA, PT","999999999","#A8_1, #A14_1, #A34_1, #P2005E, #P2014E, #P2030E, #P2032E, #S2001E, #S2005E, SEBAGIAN VARIABEL NON RESPON SEPERTI PENGELUARAN, PENDAPATAN, NIB, DAN YANG TERKAIT DENGAN ITU"
"74","10","050","008","0008","00","0028","0032","01","MUH HATTA","SPBU WANGGUDU <Muh Hatta>","99999","null"
"74","10","050","008","0009","00","0000","0028","01","null","ALFAMIDI ","999999999","null"
"74","10","050","008","0009","00","0000","0051","01","null","Mandala Finance ","999999999","null"
"74","10","050","050","0006","00","0000","0037","01","null","PT HASJRAT ABADI ","999999999","null"
"74","10","051","003","0001","00","0000","0036","01","null","ASERA MANDIRI, PT","99999999","#A10E_2, P2010E, Modal usaha, responden tidak bisa memberikan keterangan sehingga menggunakan kode 9vsebanyak 13 digit"
"74","10","051","004","0008","00","0059","0051","01","MUHAMMAD EDWANSYAH L.A","PT. SIMPATIK <edwansyah>","99999999","PIHAK PERUSAHAAN TIDAK MEMBERI INFORMASI YANG TERKAIT DENGAN KEUANGAN"
"74","10","051","007","0001","00","0013","0019","01","SUPHAN BASO","JASA PENYEWAAN PERLENGKAPAN PESTA <HARNAWATI>","99999999","null"
"74","10","051","007","0003","00","0014","0014","01","JUMARDIN","PERDAGANGAN ECERAN BARANG BEKAS ELEKTRONIK <JUMA>","99999999","null"
"74","10","051","008","0002","00","0007","0009","01","ABD. KADIR ","DEPOT ISI ULANG AIR GALON <DEWI>","9999999","null"
"74","10","051","013","0003","00","0029","0006","01","HERMAN","PERCETAKAN SUMBER MATAIWOI ","999999999","null"
"74","10","051","013","0003","00","0030","0007","01","HARUNA","APOTEK SEHAT FARMA","999999999","Responden Ini Non Respon "
"74","10","051","013","0003","00","0030","0007","02","HARUNA","KIOS SEMBAKO (DARAUNGA)","999999999","RESPONDEN INI NON RESPON "
"74","10","051","013","0005","00","0000","0038","01","null","BANK BRI UNIT ASERA ","999999999","null"
"74","10","051","013","0005","00","0000","0044","01","null"," SANY PERKASA PT CABANG ASERA ","999999999","null"
"74","10","051","013","0005","00","0031","0027","01","ANDY FAUZIAH NURUL UTAMI","PENJABAT PEMBUATAN AKTA TANAH (PPAT)","999999999","RESPONDEN NON RESPON"
"74","10","071","007","0001","00","0009","0012","01","PUTU WIDIARTA","Kios sembako putu ardiata","999999999","Pemilik usaha dan keluarganya pergi di bali. INFORMASI MENGENAI PENDAPATAN DAN PENGELUARAN TDK DIDAPATKAN KARENA PEMILIK USAHA KE BALI"
"74","11","020","005","0001","00","0008","0014","01","HASANUDDIN","DAGANG GABAH <JUHARNI>","016000000","-"
"74","11","020","010","0001","00","0000","0034","01","null","BANK SULTRA UNIT LAMBANDIA","999999999","Kepala bank tidak bersedia memberikan informasi, data harap di minta di bank cabang.P2008E, P2014E, P2030E, S2001E"
"74","11","020","010","0001","00","0000","0036","01","null","INDOMARET","999999999","Indomaret tidak bersedia memberikan pendapat, data harap di minta di cabang.P2008E, P2014E, P2030E, S2001E, S2004E,P2035E#A43_2"
"74","11","020","010","0003","00","0133","0132","01","ARDIANSYAH","SINAR KEMBAR","99999999","-"
"74","11","020","010","0005","00","0000","0178","01","null","INDOMARET","999999","-P2035E#A43/P2030E#AA34/P2010E#A10/P2007E#A7_2 RESPONDEN TIDAK DAPAT MEMBERIKAN DATA OMSET,PENGELUARAN DAN JUMLAH MODAL USAHA, DATA DAPAT DI AMBIL DI CABANG KENDARI."
"74","11","030","006","0001","00","0059","0052","01","RUKINAH","Reparasi Motor<Rusman>","0600000","P2003E#A3_2/P2017E#A18_2 usaha hanya bengkel saja tidak menjual alat alat motor."
"74","11","050","002","0002","00","0000","0151","01","null","sinar unaaha Mandiri, PT","999999","null"
"74","11","050","002","0002","00","0000","0157","01","null","Pertamina, PT","99999","null"
"74","11","050","002","0002","00","0000","0169","01","null","Dealer Honda","999999999","null"
"74","11","050","002","0002","00","0000","0170","01","null","BNI CABANG LADONGI","99999999","null"
"74","11","050","002","0002","00","0000","0201","01","null","ksp bumi tenggara","9999999","null"
"74","11","050","003","0001","00","0024","0018","01","I GUSTI MADE WIRADAPA","Toko <Wiradapa>","55550000","S2005E//"
"74","11","050","003","0002","00","0000","0074","01","null","Pos indonesia,PT","99999999","P2008E//S2001E//Responden tidak dapat memberi lapor kan keuanganP2035E#A43_2 responden tidak dapat menunjukkan NIB "
"74","11","050","003","0002","00","0000","0285","01","null","JNT CABANG KOLTIM,PT ","99999999","S2001E//Responden tidak dapat memberi lapor an keuangan P2030E#A34_2//P2035E#A43_2 responden tidak dapat menunjukkan NIB"
"74","11","050","003","0004","00","0000","0013","01","null","Amar ma'ruf","99999999","P2004E//P2007E//Toko ini tidak bersedia memberikan pendapat dllS2005E_2 usaha tidak memasarkan melalui online "
"74","11","050","003","0004","00","0000","0021","01","null","Ziola ,CV","999999999","P2004E//P2008E//P2010E//Ziola tidak bersedia memberikan pendapat dllP2031E#A35_2//P2035E#A43_2 responden tidak dapat menunjukkan NIB"
"74","11","050","003","0004","00","0000","0034","01","null","INDOMARET ,PT","99999999","P2004E//P2008E//indomaret tidak bersedia memberikan pendapat dllP2030E#A34_2//P20353A43_2 responden tidaak dapat menunjukkan NIB"
"74","11","050","003","0004","00","0000","0082","01","null","INDOMARET ,PT","999999999","P2004E//P2008E//P2010E//indomaret tidak bersedia memberikan pendapat dllP2030E#A34_2//P2035E#A43_2 responden tidak dapat menunjukkan NIB"
"74","11","050","003","0004","00","0127","0171","01","Sri kinanti","Irda utama cv","999999999","Toko tidak bersedia memberikan pendapat dllP2010E#A10_2 "
"74","11","070","001","0002","00","0000","0036","01","null","BPJS KESHATAN CABANG KOLAKA TIMUR","99999999","-"
"74","11","070","001","0002","00","0000","0135","01","null","KANTOR (NINJA EPRESS)","999999999","Modal dan omset tidak di ketahui karyawan"
"74","11","070","001","0003","00","0000","0228","01","null","BANK SULTRA ","9999999999",",-"
"74","11","070","007","0001","00","0000","0123","01","null","INDOMARET RATE-RATE ","99999","null"
"74","11","070","007","0004","00","0000","0056","01","null","INDOMARET ","999999","PENDAPATAN TIDAK DIBERIKAN"
"74","11","070","007","0004","00","0000","0123","01","null","BANK SULTRA","9999","DATA TIDAK DI BERIKAN"
"74","11","070","007","0004","00","0000","0287","01","null","SAILMULDIN","02000000","-"
"74","11","070","014","0001","00","0000","0051","01","null","Perum Bulog tawainalu","999999999","Data nya tidak diberikan dan pendapatan tidak bisa diperoleh.P2008E//P2014E//S2001E"
"74","11","070","014","0002","00","0000","0011","01","null","Indomart","999999999","Data tidak diberikan"
"74","11","090","004","0001","00","0000","0038","01","null","INDOMARET MOWEWE ","99999999","DATA PENDAPATAN DAN LAIN-LAIN TIDAK BISA DIBERIKAN"
"74","11","090","004","0001","00","0000","0064","01","null","KANTOR POS MOWEWE","9999999","DATA PENDAPATAN DAN LAIN-LAIN TIDAK BISA DIBERIKAN "
"74","11","090","004","0005","00","0000","0033","01","null","KANTOR FUNGSIONAL BANK SULTRA ","99999999","DATA PENDAPATAN DAN LAIN-LAIN TIDAK BISA DIBERIKAN "
"74","13","030","024","0001","00","0000","0082","01","null","PENJUAL BERAS<LA MASARIA>","999999999","null"
"74","13","030","024","0001","00","0000","0083","01","null","PENJUAL BERAS <WA MURAINI>","999999999","null"
"74","13","030","024","0001","00","0000","0085","01","null","PENJUAL SAYUR <SUKIANA>","999999999","null"
"74","13","030","024","0001","00","0000","0087","01","null","PENJUAL KAOS KAKI<WA ODE TINI","999999999","null"
"74","13","030","024","0001","00","0000","0099","01","null","PEDAGANG","999999999","null"
"74","13","030","024","0001","00","0000","0105","01","null","PEDAGANG","999999999","null"
"74","13","030","024","0001","00","0000","0106","01","null","PENJUAL PERHIASAN <YUNI>","999999999","null"
"74","13","030","024","0001","00","0000","0107","01","null","PEDAGANG","999999999","null"
"74","13","030","024","0001","00","0000","0108","01","null","PEDAGANG","999999999","null"
"74","13","030","024","0001","00","0000","0109","01","null","PEDAGANG","999999999","null"
"74","13","030","024","0001","00","0000","0110","01","null","PEDAGANG","999999999","null"
"74","13","030","024","0001","00","0000","0111","01","null","PEDAGANG","999999999","-"
"74","13","030","024","0001","00","0000","0125","01","null","PEDAGANG","999999999","null"
"74","13","030","024","0001","00","0000","0126","01","null","PEDAGANG","999999999","null"
"74","13","030","024","0001","00","0000","0127","01","null","PENJUAL","999999999","null"
"74","13","030","024","0001","00","0000","0128","01","null","PENJUAL LOS DI PASAR","999999999","null"
"74","13","050","003","0004","00","0000","0043","01","null","PAUD IMPIAN HATI","3499998","S2001E 1 SUDAH DIPERBAIKIS2002E 1 SUDAH DIPERBAIKIS2004E 1 SUDAH DIPERBAIKI"
"74","13","060","010","0002","00","0000","0007","01","null","BRI UNIT LAWA","9999999999999","#A3_1 P2003E,P2025E,S2004E"
"74","13","060","015","0004","00","0004","0012","01","LA OGO","DAGANG SAPI <LA OGO>","999999","NOT RESPON"
"74","13","060","033","0001","00","0000","0050","01","null","USAHA PULSA <MUSABAQA>","999999","#A3_2 P2003E NOT RESPON"
"74","13","080","007","0004","00","0000","0105","01","null","USAHA DEPOT","9999999","#A3_2 P2003E Tidak bersedia memberikan informasi tentang usahanya #A11_2 P2011E Tidak Bersedia memberikan informasi tentang usahanya#A18-2 P2017E Tidak bersedia memberikan informasi tentang usahanya"
"74","14","010","004","0010","00","0034","0037","01","HENDRI","WARUNG AYAM GEPREK MOM RA'AF","33330000","-"
"74","14","020","011","0007","00","0000","0040","01","null","JUAL PAKAIAN ANINDA","07000000","null"
"74","14","020","029","0002","00","0046","0047","01","LA NDIADA","Kios Aisyah ","014000000","S2001E"
"74","14","040","003","0001","00","0040","0032","01","MUKHSIN","Usaha ikan Pesisir ANANG <MUKHSIN>","040000000","S2005E"
"74","14","040","003","0002","00","0009","0018","01","LA ASI","Jualan Bawang <INA SARUDI>","021000000","null"
"74","14","050","003","0008","00","0002","0004","01","LA ODE MAHMUD","PENYEWAAN SOUND SYSTEM <LA ODE MAHMUD>","0720000","-"
"74","14","060","011","0010","00","0020","0019","01","LA HAMU","USAHA KANCIP JAMBU METE <WA USIA>","0000","A3 - 2, A18 - 2RESPONDEN DITEMUKAN INDUSTRI PENERIMAAN JASA/MAKLON"
"74","14","060","011","0010","00","0039","0045","01","LA DALIHA","USAHA KANCIP JAMBU METE <WA MIYRU>","0000","A3 - 2, A18 - 2RESPONDEN DITEMUKAN INDUSTRI YANG MENERIMA JASA/MAKLON "
"74","14","060","011","0016","00","0000","0009","01","null","PENJUAL GORENGAN<HASMINA>","01800000","A3 - 2Responden baru menjual gorengan di lingkungan 16 eferktif 6 bulan, sehingga untuk omset dan pengeluaran terhitung 6 bulan saja"
"74","14","060","012","0002","00","0000","0057","01","null","BANK BNI, PT","99999999","#34_2_DATA USAHA TIDAK DIPEROLEH, #36_2_DATA USAHA TIDAK DIPEROLEH,S2004E_2_DATA USAHA TIDAK DIPEROLEHRESPONDEN DI TEMUKAN S2004E_Sudah sesuai"
"74","14","060","012","0002","00","0000","0062","01","null","BANK PEMBANGUNAN DAERAH SULAWESI TENGGARA, PT","9999999","#A8_2_DATA USAHA TIDAK DIPEROLEH, #A34_2_DATA USAHA TIDAK DIPEROLEH, #A36_2_DATA USAHA TIDAK DIPEROLEHS2004E_Sudah sesuai"
"74","14","060","012","0007","00","0000","0040","01","null","ANDABA STAR, UD ","999999999","S2004E_Sudah sesuai"
"74","14","060","013","0013","00","0030","0033","01","WA NAI","USAHA KACIP JAMBU METE<WA NAI>","052000","A3 - 2, A5 - 2Pengeluaran dan pendapatan sudah sesuai dengan keadaan di lapangan"
"74","14","060","013","0014","00","0001","0002","01","LA MUSA","Penjual Gorden Bekas keliling <nurlina>","24444000","Responden ditemui "
"74","15","020","018","0001","00","0000","0046","01","null","Kios Sembako Husna <La Sai>","79999992","P2060E #A68_1_mempunyai lebih dari satu usaha"
"74","15","020","018","0003","00","0000","0150","01","null","Penjual Obat Rumput","15999996","-"
"74","15","020","018","0003","00","0000","0214","01","null","Penjual Sembako <La Sai>","39999999","P2060E #A68_1_mempunyai lebih dari satu usaha"
"74","15","020","018","0003","00","0000","0237","01","null","Perlengkapan Listrik <La Harami>","9999996","null"
"74","72","010","001","0006","00","0000","0077","01","null","BUTON NIRWANA VILLA","99999999","A43 - 2"
"74","72","010","001","0006","00","0000","0204","01","null","PESANTREN AL SYAIKH ABDUL WAHID","99999999","null"
"74","72","010","001","0006","00","0000","0611","01","null","CAFE DRAGON","9999999","null"
"74","72","010","009","0002","00","0000","0103","01","null","DUTA INTIGUNA YASA, PT ","9999","A34 - 1"
"74","72","010","009","0002","00","0000","0104","01","null","RS. FAGA HUSADA","99999999","A1 - 2 , A34 - 2 , "
"74","72","010","009","0004","00","0000","0100","01","null","PONDOK PESANTREN TAHFIDZUL QUR'AN SAAD ALWAQASH","99999999","A3 - 2 , A11 - 2 , A12 - 2 , A26 - 2"
"74","72","010","009","0004","00","0066","0066","01","HACIUN","KOS-KOS <HACIUN>","999999","null"
"74","72","010","009","0006","00","0000","0053","01","null","TK DANA","9999999","A3 - 2 , A7 - 2 , A11 - 2"
"74","72","010","009","0006","00","0000","0106","01","null","INDOMARCO PRISMATAMA, PT","99999999","#A3_2 , #A11_2 , #A43_2_TIDAK MEMBERIKAN NIB #S2004E"
"74","72","010","009","0006","00","0000","0108","01","null","MIDI UTAMA INDONESIA, PT","999999999","A18 - 2#A43_2_TIDAK MEMBERIKAN INFORMASI #S2004E , #S2005E"
"74","72","010","009","0008","00","0025","0031","01","ANTONI","KOST TAMBALAGI ","999999","-"
"74","72","010","009","0010","00","0000","0071","01","null","ASTAGA NAGA , CV ","9999999","A7 - 2 , A33 - 2 , A34 - 2 , A43 - 2"
"74","72","010","009","0010","00","0051","0090","01","SARFIN ","OBAT HERBAL <KARMILA>","99999","-"
"74","72","010","009","0011","00","0005","0011","01","UMAR","USAHA KONSTRUKSI <UMAR>","9999999","A49 - 1 , A50 - 1"
"74","72","010","009","0018","00","0000","0214","01","null","SMK SWASTA KESEHATAN","99999999","A7 - 2, A26 - 2"
"74","72","011","003","0002","00","0000","0023","01","null","Toko Cahaya Tani","999999999","S2001E//P2003E  //P2008E  //P2014E Usahanya baru buka 3 minggu "
"74","72","011","003","0003","00","0000","0057","01","null","kerta gaya pusaka, PT","9999999","-"
"74","72","011","003","0006","00","0000","0073","01","null","Toko mekar indah <Baharuddin> ","99999999","-"
"74","72","011","003","0009","00","0000","0006","01","null","Permodalan Nasional Madani, PT","99999999","A7 - 2"
"74","72","011","003","0009","00","0000","0010","01","null","Riski peleg <Sarman> ","99999999","-"
"74","72","011","003","0009","00","0000","0052","01","null","Mitra ponsel ","9999999","#A7_2_TIDAK DAPAT MEMBERIKAN KETERANGAN TERKAIT UPAH PEKERJAA8 - 2"
"74","72","011","003","0009","00","0000","0053","01","null","Mixue ","9999999","-"
"74","72","011","003","0009","00","0000","0103","01","null","Asuransi bumida < Safrin> ","99999999","-"
"74","72","011","003","0009","00","0000","0162","01","null","Bank Sinarmas, PT","99999999","#A43_2_TIDAK DAPAT MENUNJUKKAN NIBA36 - 2"
"74","72","011","003","0009","00","0000","0164","01","null","Baubau ponsel < Agus > ","99999999","-"
"74","72","011","003","0012","00","0000","0088","01","null","ALFAMIDI, PT","9999999","A43 - 2"
"74","72","011","004","0002","00","0000","0071","01","null","ALFAMIDI GAJAH MADA, PT","999999999","A43 - 2//P2017E, pengeluaran khusus di catat oleh pusat"
"74","72","011","004","0004","00","0000","0031","01","null","Toko Terminal Listrik <Aqib>","9999999","-"
"74","72","011","004","0010","00","0065","0072","02","YURIDU","KOS FATMA","0450000","-"
"74","72","011","004","0011","00","0008","0013","01","RIDWAN EFENDY","KOS-KOSAN <PUTRI AGUS CAHYAWATI>","999999","-"
"74","72","011","004","0011","00","0086","0084","01","WAODE KUDUSIA","RUMAH KOS SALIM","0150000","//P2003E"
"74","72","011","004","0013","00","0037","0035","01","NURWIA","KOS JUJU","999999","-"
"74","72","011","004","0013","00","0041","0039","01","ARFAN MURAD","PENYEWAAN SCAFOLDING <ARFAN MURAD>","026570000","A49 - 2, A50 - 2"
"74","72","011","004","0013","00","0052","0052","01","HADI LA TAHE","JUALAN KELILING <HADI LA TAHE>","063000000","-"
"74","72","011","004","0013","00","0061","0066","01","ZUHIMA","USAHA JAHIT <ZUHIMA>","03725000","-"
"74","72","011","004","0013","00","0097","0105","01","KUSWANTORO","PENJUAL BAKSO <KUSWANTORO>","99999999","-"
"74","72","011","004","0014","00","0000","0136","01","null","TSR2 AIR MINUM RO","05600000","-"
"74","72","011","004","0014","00","0000","0145","01","null","PANGKALAN MINYAK TANAH <HASIM ANWAR>","063648000","Dokumen NIB usaha ini tercecer"
"74","72","011","004","0014","00","0095","0111","01","LA ODE KASRI","JUALAN ONLINE <FATNAWATI>","036000000","-"
"74","72","011","004","0014","00","0127","0138","01","MARYONO","WARUNG MAKAN CAK MAR","99999999","-"
"74","72","011","004","0014","00","0137","0144","01","HARIAH","KOS-KOS <HARIAH>","0250000","-"
"74","72","011","005","0003","00","0000","0066","01","null","Apotek Al Rizky Farma","99999999","A43- 2"
"74","72","011","005","0004","00","0000","0004","01","null","Beta Berlian, PT","9999999","A26 - 2 , A34 - 2, A36 - 2"
"74","72","011","005","0011","00","0000","0080","01","null","NADEL COSMETIC","9999999","-"
"74","72","011","005","0014","00","0000","0083","01","null","KONTER PONSEL","9999999","-"
"74","72","011","005","0014","00","0000","0084","01","null","MULTI MEDIA","9999999","A3 - 2"
"74","72","012","001","0016","00","0000","0002","01","null","T_LAUNDRY","9999999","#A4_2_DATA PENJUALAN USAHA TIDAK DIPEROLEH, #A8_2_DATA PENGELUARAN BALAS JASA PEKERJA TIDAK DIPEROLEH, #A10_2_DATA MODAL USAHA TIDAK DIPEROLEH"
"74","72","012","001","0016","00","0000","0077","01","null","BESINDO JAYA ABADI, PT","99999999","#A4_2_DATA USAHA TIDAK DIPEROLEH, #A8_2_DATA USAHA TIDAK DIPEROLEH, #A34_2_DATA SUDAH SESUAI, #A36_2_DATA USAHA TIDAK DIPEROLEH"
"74","72","012","001","0016","00","0000","0079","01","null","APOTEK ALWAHDA","999999","#A4_2_DATA PENJUALAN USAHA TIDAK DIPEROLEH, #8_2_DATA UPAH PEKERJA TIDAK DIPEROLEH"
"74","72","012","001","0016","00","0000","0082","01","null","PERCETAKAN ADIGUNA ","9999999","#A4_2_DATA PENJUALAN USAHA TIDAK DIPEROLEH, #A8_2_DATA PENGELUARAN BALAS JASA PEKERJA TIDAK DIPEROLEH"
"74","72","012","001","0016","00","0000","0082","01","null","AROMA SEDAP ","9999999","#A4_2_DATA PENJUALAN USAHA TIDAK DIPEROLEH, #A8_2_DATA PENGELUARAN BALAS JASA PEKERJA TIDAK DIPEROLEH"
"74","72","012","001","0016","00","0000","0082","01","null","MEDIA PRINTING ( FIRMAN ANDIKA RASYID )","9999999","#A4_2_DATA PENJUALAN USAHA TIDAK DIPEROLEH, #A8_2_DATA PENGELUARAN BALAS JASA PEKERJA TIDAK DIPEROLEH, S2005E"
"74","72","012","005","0005","00","0021","0043","01","ABDUL KADIR","VISTA, CV","9999999","#A4_2_DATA USAHA TIDAK DIPEROLEH, #A8_2_DATA USAHA TIDAK DIPEROLEH, #A26_2_DATA USAHA TIDAK DIPEROLEH, #A35_2_DATA USAHA TIDAK DIPEROLEH, #A36_2_DATA USAHA TIDAK DIPEROLEH"
"74","72","012","005","0006","00","0000","0033","01","null","SENYUM LIMA RIBU, PT","99999999","#A4_2_DATA USAHA TIDAK DIPEROLEH, #A34_2_DATA SUDAH SESUAI, #A36_2_DATA USAHA TIDAK DIPEROLEH, S2004E"
"74","72","012","006","0004","00","0001","0002","01","LA SIHADA","JUAL BELI HASIL LAUT <LA SIHADA>","9999999999","Informasi sumber data usaha pak la sihada diambil dari data SBR kota Baubau"
"74","72","012","006","0007","00","0000","0002","01","null","SMSFinance","999999","#A7_2#A34_2#A36_2_Responden tidak bisa menunjukkan NIB"
"74","72","020","001","0005","00","0000","0023","01","null","PANGKAS RAMBUT <HARLIN PAUTA>","01400000","A24 - 2"
"74","72","020","001","0005","00","0002","0007","01","MUHLISI","KOS KOSAN <MUHLISI>","99999","A5 - 2, A27 - 2"
"74","72","020","001","0006","00","0008","0013","01","FIRMANSYAH","SARKODES CELL","0200000","A3 - 2, A18 - 2USAHA BARU BERJALAN 1 BULAN"
"74","72","020","001","0010","00","0000","0005","01","null","KANTOR NOTARIS","999999","A3 - 2, A5 - 2, A7 - 2"
"74","72","020","001","0010","00","0000","0037","01","null","TK BANCA PATOLA","9999999","A7 - 2, A11 - 2"
"74","72","020","001","0010","00","0002","0006","01","DANIAL KASIM","AKIL MOTOR","999999","A3 - 2, A5 - 2, A7 - 2, A11 - 2"
"74","72","020","001","0011","00","0028","0045","01","MUHAMAD FADLAN","MENJUAL PECAH BELAH <MUHAMAD FADLAN>","999999","A4 - 3, A5 - 3, A10 -3, A18 - 3"
"74","72","020","001","0012","00","0000","0036","01","null","ALAM NIAGA SEMBADA, CV","9999999","A4 - 2"
"74","72","020","001","0012","00","0000","0036","01","null","PRAKTEK DOKTER GIGI <DRG. DAMAYANTI>","09999999","A4 - 2, A5 - 2, A7 - 2, A10 - 2, A19 - 2"
"74","72","020","001","0012","00","0000","0037","01","null","PRAKTEK DOKTER SPESIALIS PENYAKIT DALAM <DR SARNINGS>","0999999","A5 - 2, A7 - 2, A19 - 2TIDAK DAPAT MEMBERIKAN INFORMASI"
"74","72","020","001","0012","00","0000","0037","01","null","PRAKTEK DOKTER SPESIALIS THT <DR TALIAH>","09999999","A5 - 2, A7 - 2, A19 - 2"
"74","72","020","001","0012","00","0000","0037","01","null","PRAKTEK DOKTER GIGI <DRG. YESSI>","0999999","A4 - 2, A5 -2, A7 -2, A10 - 2, A19 - 2"
"74","72","020","001","0012","00","0000","0037","01","null","PRAKTEK DOKTER SPESIALIS ANAK <DR FIRAYANI>","0999999","A4 - 2, A5- 2, A7 - 2, A19 - 2SULIT MEMBERIKAN INFORMASI"
"74","72","020","001","0016","00","0000","0027","01","null","PENJUAL PULSA <DAYA>","999999","A4 - 2, A10 - 2, A18 - 2"
"74","72","020","001","0016","00","0000","0054","01","null","ASRUL R.O (ISI ULANG AIR GALONG","99999999","-"
"74","72","020","001","0016","00","0000","0055","01","null","USAHA AYAM POTONG <RAHMA>","999999999","A26 - 2"
"74","72","020","001","0016","00","0000","0056","01","null","THREE R","9999999","#A4_2_SUDAH DIPERBAIKI DAN DI SESUAIKANS2001E"
"74","72","020","001","0016","00","0000","0060","01","null","ZAMIR SHOES","0999999","A4 - 2, A10 - 2, A17 -2"
"74","72","020","001","0017","00","0000","0013","01","null","APOTEK ANITA FARMA","999999999","#A14_3_DATA TIDAK TERSEDIA, RESPONDEN TIDAK BERSEDIA MEMBERIKAN INFORMASI,#A33_3_ UNTUK R.301a KBLI SUDAH DI PERBAIKI SESUAI KONDISI LAPANGAN,S2001E_DATA TIDAK TERSEDIA KARENA RESPONDEN TIDAK BERSED"
"74","72","020","001","0017","00","0000","0075","01","null","ALL MOTOR","9999990","PEMILIK LAGI UMROH"
"74","72","020","001","0017","00","0046","0046","01","JOKO","BERKAH JAYA MANDIRI","99999999","NON RESPON.. PEMILIK LAGI BERANGKAT"
"74","72","020","001","0018","00","0000","0062","01","null","SALON PUTRI AYU","9999999","#A4_2"
"74","72","020","001","0018","00","0000","0063","01","null","TEMBAKAU AROMA","99999999","A4 - 2, A6 - 2"
"74","72","020","001","0018","00","0000","0065","01","null","USAHA AYAM POTONG <MEY WARTI>","99999999","A4 - 2"
"74","72","020","001","0024","00","0034","0041","01","LA ODE MUSRIF BAY","FARREL ANUGRAH MANDIRI, PT","9999999","A8 - 2, A14 - 2, A27 - 2, A43 - 2S2001E, S2004EDITULIS 9999999 KARENA TIDAK MEMBERIKAN DATA"
"74","72","020","001","0025","00","0073","0068","01","HANUDDIN","KUE KERING <IMA WALANGKE> ","9999999","A4 - 2, A6 - 2"
"74","72","020","001","0026","00","0080","0060","02","RAMADANI RAKASIWI","USAHA BUAT KUE <HAMIDA>","01950000","A3 - 2, A18 - 2, A24 - 2, A26 - 2"
"74","72","020","001","0027","00","0085","0099","01","LA ODE SUHARDIN","USAHA MEUBLE <LA ODE SUHARDIN>","0750000","#A18_3, #A26_2BAHAN BAKU DI SIAPKAN OLEH PEMESAN"
"74","72","020","002","0007","00","0024","0034","01","HARYANTO CHENDRA","TOKO BALI MOTOR","9999999","#A3_2, #A7_2S2001E"
"74","72","020","002","0008","00","0000","0040","01","null","TOKO MUTIARA BAJA ","99999999","A27 - 2, A33 - 2, A43 - 2, S2005E, S2001ENON RESPONPENGUSAHA TINGGAL DI JAKARTA YANG BERTANGGUNG JAWAB DI TOKO TIDAK BERSEDIA MEMBERIKAN JAWABAN."
"74","72","020","002","0011","00","0000","0077","01","null","ULAMM PNM, PT","099999","#A3_2_SUDAH DISESUAIKAN, #A14_2_SUDAH DISESUAIKAN, #A34_3_MERUPAKAN PT PERMODALAN NASIONAL MADANI -Omset dan semua pengeluaran, harus tanya ke cabang, data tidak di peroleh"
"74","72","020","003","0001","00","0000","0010","01","null","WR. LAMONGAN MAS WEST","99999999","AHMAD"
"74","72","020","003","0001","00","0000","0013","01","null","WISMA BLES","999999","A26 - 2P2025E, S2001E"
"74","72","020","003","0001","00","0000","0016","01","null","RM SAMBALADO MASAKAN PADANG","99999","A26 - 2P2025E, S2001E"
"74","72","020","003","0001","00","0000","0022","01","null","TOKO TRANSIT","99999","A26 - 2P2025E, S2001E"
"74","72","020","003","0001","00","0000","0031","01","null","TOKO SUKSES","99999999","-"
"74","72","020","003","0004","00","0000","0311","01","null","TOKO BATU ATAS ","999999999","S2001EP2003E  PENGUSAHA TIDAK BERSEDIA DIWAWANCARAIP2006E PENGUSAHA TIDAK BERSEDIA DIWAWANCARAIP2011E PENGUSAHA TIDAK BERSEDIA DIWAWANCARAIP2014E PENGUSAHA TIDAK BERSEDIA DIWAWANCARAI//S2001E PEN"
"74","72","020","003","0006","00","0000","0145","01","null","MENJUAL TOPI <SUMADI>","36666663","MENJUAP TOPI DAN AKSESORIES HIASAN DIKIOS PANTAI KAMALI"
"74","72","020","003","0006","02","0000","0127","01","null","TOKO STUDIO JAS","54266663","MENJUAL PAKAIAN KOPRI DAN KEKI"
"74","72","020","004","0005","00","0000","0066","01","null","TOKO SUMBER JAYA","9999999","A3 - 2, A5 - 2, A11 - 2Tidak ada data yg bisa didapat"
"74","72","020","004","0008","00","0000","0001","01","null","WARUNG SEMBAKO","9999999","A3 - 2"
"74","72","020","004","0008","00","0000","0102","01","null","APOTEK REGINA FARMA 24 ","999999","A3 - 2, A25 - 2"
"74","72","020","004","0011","00","0000","0071","01","null","TELKOM, PT","99999999","#A26_3_MEMILIKI LAPORAN KEUANGAN, #A36_3_TIDAK MEMBERI INFORMASI MENGENAI NIB HANYA MEMILIKI TDP//S2005E_SUDAH SESUAITIDAK DAPAT MEMBERIKAN INFORMASI MENGENAI OMSET DAN PENGELUARAN PERUSAHAAN"
"74","72","020","004","0012","00","0012","0003","01","SOFYAN","TUKANG KAYU <SOFYAN>","0400000","#A18_3_BAHAN YANG DIGUNAKAN DALAM PROSES PRODUKSI BIASANYA DISEDIAKAN OLEH KONSUMEN"
"74","72","020","004","0013","00","0032","0039","01","MARLINA MUCHTAR","YUSRIDA LOSMEN","99999999","//P2003E USAHA PENGINAPAN DALAM SATU TAHUN TERAKHIR TIDAK ADA PENGUNJUNG"
"74","72","020","004","0015","00","0000","0003","01","null","YAYASAN INTELEKTUAL EDUKASI PARTNER","9999999","#A7_2_TIDAK MEMBERIKAN JAWABANA49 - 1. A50 - 1"
"74","72","020","004","0016","00","0000","0056","01","null","POPEYE COFFE AND FOOD","99999999","null"
"74","72","020","004","0016","00","0000","0058","01","null","ROTI'O ","9999999","A26 - 2"
"74","72","020","004","0016","00","0000","0060","01","null","MORIS COLECTION ","999999999","null"
"74","72","020","004","0016","00","0000","0061","01","null","MR D.I.Y","999999999","null"
"74","72","020","004","0016","00","0000","0067","01","null","CINEPOLIS, PT","99999999","#A43_2_TIDAK DAPAT MENUNJUKKAN NIBA26 - 2, A34 - 2, A36 - 2"
"74","72","020","004","0016","00","0000","0068","01","null","Mini mand","99999999","null"
"74","72","020","004","0016","00","0000","0069","01","null","EVERBEST, PT","99999999","#A43_2_TIDAK DAPAT MENUNJUKKAN NIBA26 - 2, A34 - 2, A36 - 2"
"74","72","020","004","0016","00","0000","0070","01","null","Happy kids","9999999","null"
"74","72","020","004","0016","00","0000","0075","01","null","ERAFONE, PT","999999999","#A43_2_TIDAK DAPAT MENUNJUKKAN NIBA26 - 2, A34 - 2, A36 - 2"
"74","72","020","004","0016","00","0000","0076","01","null","Jilbab","9999999","null"
"74","72","020","004","0016","00","0000","0081","01","null","ISTANA PENTOL","999999","-"
"74","72","020","005","0003","00","0000","0103","01","null","INDOMARCO PRISMATAMA, PT <INDOMARET>","99999999","#A26_3_MEMILIKI PEMBUKUAN TETAPI BARU DIMULAI DITAHUN 2023, #A43_3_TIDAK DAPAT MENUNJUKKAN NIB, #A34_2_MERUPAKAN SEBUAH PT YAITU PT INDOMARCO PRISMATAMA//S2004E, //S2005ETIDAK ADA YANG BISA MEMBERIK"
"74","72","020","005","0003","00","0000","0115","01","null","DEALER HONDA ASTRA MOTOR","9999999999","#A43_3_TIDAK MENEMUKAN NIB//S2004E"
"74","72","020","005","0006","00","0000","0094","01","null","INDOMARET BUDI UTOMO","99999999","A11 - 3, A18 - 3, A26 - 3 ,A43 - 3, S2005E, S2004E"
"74","72","020","005","0011","00","0000","0043","01","null","J N T Drop Point Baubau, PT","99999999","A3 - 2, A7 - 2, A26 - 2, A34 - 2, A36 -2Pemberi jawaban hanya bisa jawab beberapa pertnyaan, sebab laporan keuangan serta pengeluaran terpusat dikendari"
"74","72","020","005","0011","00","0000","0121","01","null","Klinik zafa","999999999","A3 - 2, A5 -2Pemilik usaha sulit ditemui/susah dihubungi"
"74","72","020","005","0013","00","0000","0052","01","null","Travel Umroh Masa Makmur World","9999999","#A3_2, #A14_2, #A26_2Catatan!!! Travel baru aktif/buka kembali, belum ada pemasukan, atau proses transaksi"
"74","72","020","007","0002","00","0000","0067","01","null","UD. TUNAS BAKTI","999999999","S2001E_2_DATA TIDAK DITEMUKAN//P2010E -Informasi Data belum lengkap. "
"74","72","020","007","0002","00","0000","0073","01","null","MIS MTS AL AZIZ PALATIGA","999999999","#A6_2_DATA TIDAK DITEMUKAN, #A14_2_DATA TIDAK DITEMUKAN, S2001E_2_DATA TIDAK DITEMUKAN"
"74","72","020","007","0005","00","0000","0059","01","null","Rika mart","999999999","#A8_2_DATA TIDAK DITEMUKAN, #A22_2_DATA TIDAK DITEMUKAN"
"74","72","020","007","0005","00","0019","0021","01","LA ODE MUHAMAD ALI MUSNAID BAY","KONTRAKTOR <LA ODE MUHAMAD ALI MUSNAIN BAY>","999999999","#A26_2_SUDAH SESUAI, #A35_2_SUDAH SESUAI, #A43_2_DATA TIDAK DITEMUKAN, S2001E_2_DATA TIDAK DITEMUKANSEGALA BENTUK PEMASUKAN DAN MODAL RESPONDEN NGOTOT TIDAK MAU MEMBERI TAHU"
"74","72","020","007","0009","00","0000","0106","01","null","Pondok Pesantren Al Madinah","999999999","#A8_2_DATA TIDAK DITEMUKAN, #A14_2_DATA TIDAK DITEMUKAN, S2001E_2_DATA TIDAK DITEMUKAN#A10_2_DATA TIDAK DITEMUKAN, #A26_2_SUDAH SESUAIData belum lengkap."
"74","72","020","007","0009","00","0086","0088","01","LA ODE TUASA","Koperasi Primkoppol Polres Baubau ","999999999","#A10_2_DATA TIDAK DITEMUKAN, S2001E_2_DATA TIDAK DITEMUKANKoperasi simpan pinjam khusus anggota polri"
"74","72","020","007","0010","00","0000","0005","01","null","ALFAMIDI","999999999","#A8_2_DATA TIDAK DITEMUKAN, #A14_2_DATA TIDAK DITEMUKAN, S2001E_2_DATA TIDAK DITEMUKAN, S2004E_2_SUDAH SESUAI#A3_2_DATA TIDAK DITEMUKAN, #A7_2_DATA TIDAK DITEMUKAN"
"74","72","020","007","0022","00","0000","0050","01","null","BERKAH JAYA, UD","999999999","#A14_2_DATA TIDAK DITEMUKAN, S2001E_2_DATA TIDAK DITEMUKAN#A26_2_SUDAH SESUAI, #A35_2_SUDAH SESUAI, #A43_2_SUDAH SESUAIIbu salma lagi berangkat ke makassar suaminya tdk tau mengenai keuangannya."
"74","72","020","007","0022","00","0000","0053","01","null","KIOS SEMBAKO < SALMA >","99999","Pemilik warung sedang berada di makassar yg jaga tdk tau keuangannya"
"74","72","020","007","0025","00","0000","0254","01","null","Ayam kentaky","9999999","Warung ayam kentaky"
"74","72","020","007","0025","00","0000","0256","01","null","WARUNG SEMBAKO","9999999","Menjual sembako"
"74","72","020","007","0026","00","0000","0103","01","null","INDOMARCO PRISMATAMA, PT","99999999","A34 - 3A43 - 3"
"74","72","020","007","0026","00","0000","0104","01","null","MIDI UTAMA INDONESIA Tbk, PT","999999999","A43 - 3"
"74","72","020","007","0026","00","0000","0115","01","null","SUMBER MAJU, CV","99999999","#A36_3#A43_3_SAMPAI MASA AKHIR PENCACAHAN TIDAK DAPAT MEMPEROLEH INFORMASI"
"74","72","020","007","0030","00","0019","0028","01","WA ODE MULYA SATISNA","ONLINE KING < MULIA >","99999999","null"
"74","72","020","007","0030","00","0047","0073","01","SYAIFUDIN RADI","Angkutan Mobil Barang < SYAIFUDIN >","9999999","Menyediakan mobil angkut"
"74","72","020","007","0030","00","0056","0079","01","NURSAIDA","Penjual ikan basah","9999999","Menjual ikan basah"
"74","72","020","008","0002","00","0000","0004","01","null","TK. AL MUHAJIRIN","999999999","#A43_2_DATA TIDAK DITEMUKAN, S2001E_2_DATA TIDAK DITEMUKAN//P2014E- SUDAH SESUAI RESPONDEN TIDAK MEMBERI TAHU"
"74","72","020","008","0008","00","0000","0003","01","null","MADRASAH TSANAWIYAH AL-IKHWAN","999999999","A43 - 2//S2001E- SUDAH SESUAI. RESPONDEN TIDAK MEMBERIKAN INFORMASI"
"74","72","020","008","0012","00","0000","0055","01","null","BAJA RAYA, UD ","99999999","-"
"74","72","021","001","0002","00","0000","0053","01","null","TOKO MAROS","999999","A11 - 2, A26 - 2, A33 - 2, A35 - 2KEUANGAN LANGSUNG DI KIRIM DI TOKOH PUSAT DI KENDARI PENANGGUNGJAWAB DI CABANG TIDAK TAU SOAL KEUANGAN "
"74","72","021","001","0004","00","0000","0009","01","null","TRAVEL WA LALA","999999999","A8 - 2, A35 - 2, A36 - 2"
"74","72","021","001","0004","00","0000","0076","01","null","APOTIK MARISA FARMA<TAUFIK USMAN>","999999999","A8 - 2 //P2008E SUDAH SESUAI //S2004E SUDAH SESUAI "
"74","72","021","001","0004","00","0108","0075","01","TOPO RAHARJO","BAKSO SOLO<TOPO RAHARJO>","9999999999","A4 - 2, A8 - 2, A10 - 2 "
"74","72","021","001","0004","00","0109","0076","01","TAUFIK USMAN","DOKTER GIGI<TAUFIK USMAN>","999999999","Di tolak"
"74","72","021","001","0008","00","0000","0026","01","null","FROZEN FOOD <WA ODE HASRIATI>","03000000","A3 - 2"
"74","72","021","001","0009","00","0000","0109","01","null","KIOS AYLA","999999999","A4 - 2 , A6 - 2 , A17 - 2//P2003EPemilik tidak ingin diwawancarai dan hanya di mintai nama pemilik "
"74","72","021","001","0010","00","0000","0130","01","null","JUAL SEMBAKO<FIA>","999999999","S2001E//P2003E Responden tidak ingin didata ,nama pribadi tidak ingin di beritahu ,nama di atas berdasarkan pengakuan keponakan responden "
"74","72","021","002","0005","00","0000","0075","01","null","YAYASAN PENDIDIKAN BATUKARA TERPADU ","9999999","A3 - 2, A7 - 2,A11 - 2, A26 - 2, "
"74","72","021","002","0007","00","0000","0016","01","null","Barbershop Barakati ","9999999","A3 - 2, A5 - 2, A11 - 2 "
"74","72","021","002","0007","00","0000","0077","01","null","TK DARMAWANITA WARURUMA ","99999999","A3 - 2, A5 - 2, A11 - 2, A26 - 2"
"74","72","021","002","0007","00","0035","0038","01","WA ODE MARFUA","WARUNG SEMBAKO <WA ODE MARFUA>","9999999","A3 - 2, A5 - 2, A11 - 2"
"74","72","021","002","0008","00","0000","0111","01","null","DEPOT AIR MINUM BAROKAH ","99999999","A3 - 2, A5 - 2, A7 - 2"
"74","72","021","002","0008","00","0000","0119","01","null","BAKSO SOLO ","9999999","A3 - 2"
"74","72","021","003","0003","00","0000","0050","01","null","WARUNG SEMBAKO <WA IJA>","076000000","-"
"74","72","021","003","0003","00","0067","0065","01","SYAHRIL ZAIMU","PEMINJAMAN DEKORASI PELAMINAN <ERNA>","33336000","-"
"74","72","021","006","0001","00","0000","0125","01","null","PESANTREN TAHFIZ PUTRA AS-SUNAH","9999999","-"
"74","72","021","006","0004","00","0000","0212","01","null","BAUBAU HANGEUL HAKDANG ","99999999","A10 - 2"
"74","72","021","006","0004","00","0000","0215","01","null","STKIP PELITA NUSANTARA","99999999","-"
"74","72","021","006","0008","00","0000","0006","01","null","SALAM PASIFIC INDONESIA LINES CABANG BAUBAU, PT","999999999","A36 - 2, A43 - 2,S2005EUSAHA INI MERUPAKAN CABANG DAN SELURUH KEUANGAN DIKELOLA OLEH PUSAT. "
"74","72","030","001","0006","00","0000","0005","01","null","USAHA KUSENG <ABDI>","02100000","A3 - 3 , A49 - 3 , A50 - 3HANYA 2 BULAN TERIMA ORDERAN"
"74","72","040","004","0001","00","0000","0024","01","null","TAHU MEKAR","999999999","null"
"74","72","040","004","0004","00","0000","0014","01","null","ALFAMIDI LIABUKU","999999999","P2035E, S2001E"
"74","72","040","005","0001","00","0000","0026","01","null","PENGGILINGAN KARYA BAKTI","999999999","#14_2_DATA TIDAK TERSEDIA, RESPONDEN TIDAK BERSEDIA MEMBERIKAN INFORMASI#S2001E_DATA TIDAK TERSEDIA, RESPONDEN TIDAK BERSEDIA MEMBERIKAN INFORMASI#A7_2_DATA SUDAH DI SESUAIKAN DENGAN KONDISI LAPANG"
"74","72","040","005","0001","00","0002","0004","01","LD MUH AMIN","UD. GALANG TANI","999999999","null"
"74","72","040","005","0002","00","0000","0017","01","null","PT. INDOMARET NGKARI-NGKARI","999999999","#A43_3_DATA TIDAK TERSEDIA, RESPONDEN TIDAK BERSEDIA MEMBERIKAN INFORMASI#A8_3_DATA TIDAK TERSEDIA, RESPONDEN TIDAK BERSEDIA MEMBERIKAN INFORMASI#A14_3_DATA TIDAK TERSEDIA, RESPONDEN TIDAK BERSEDIA "
"74","72","040","005","0003","00","0000","0017","01","null","I KETUT DARMA","999999999","null"
"74","72","040","005","0005","00","0000","0033","01","null","PENGGILINGAN PADI < I WAYAN NYANDI >","999999999","A14 - 2, S2001ERESPONDEN TIDAK BERSEDIA MEMBERIKAN INFORMASI PENGELUARAN DAN PENDAPATAN USAHANYA"
"74","72","040","005","0005","00","0000","0034","01","null","UD SUMBER TANI","999999999","null"
"74","72","040","005","0006","00","0000","0011","01","null","MEUBEL KAYU < I KOMANG SUMITRA >","999999999","A28 - 2"
"74","72","040","008","0006","00","0000","0073","01","null","RA AISYIAH","999999999","S2001E"
"74","72","041","002","0011","00","0000","0097","01","null","PASIPA INDAH","999999999","#A14_3_DATA TIDAK TERSEDIA, RESPONDEN TIDAK BERSEDIA MEMBERIKAN INFORMASI#A20_3_DATA TIDAK TERSEDIA, RESPONDEN TIDAK BERSEDIA MEMBERIKAN INFORMASIS2001E_DATA TIDAK TERSEDIA, RESPONDEN TIDAK BERSEDIA"
""